"date","spy","btc"
2023-11-01,0,0
2023-11-02,-0.014181643038139,0.0189831652728887
2023-11-03,-0.0059112069551452,0.00908190579752039
2023-11-04,0.0100229586936839,NA
2023-11-05,-0.00093652131699398,NA
2023-11-06,-0.000341987012508487,0.00229781453449067
2023-11-07,0.0115264053036003,0.00284197098238353
2023-11-08,0.00595552529347527,0.000732144205945098
2023-11-09,0.0286922398244658,-0.00782925369164029
2023-11-10,0.016778346050334,0.0154842221892148
2023-11-11,-0.00472568231840784,NA
2023-11-12,-0.00225174259208208,NA
2023-11-13,-0.0150135370550292,-0.000953619241839819
2023-11-14,-0.0267843578397946,0.0192148741563862
2023-11-15,0.0638461992762784,0.00211489415085612
2023-11-16,-0.0466297561906654,0.00122231992837752
2023-11-17,0.0121487469666794,0.00124305116927918
2023-11-18,-0.000300085015663709,NA
2023-11-19,0.0216533913915043,NA
2023-11-20,0.00241533445499477,0.00766823610142017
2023-11-21,-0.0453926219219484,-0.00218188214399684
2023-11-22,0.0442013894678363,0.00385344711938505
2023-11-23,-0.00381999941543391,NA
2023-11-24,0.0114828809236325,0.000615038360239442
2023-11-25,0.00202634293560016,NA
2023-11-26,-0.00844024984109134,NA
2023-11-27,-0.00602017674392167,-0.00180244003726037
2023-11-28,0.0153673136112338,0.000989576344446283
2023-11-29,0.000724175028494842,-0.000703611906775835
2023-11-30,-0.00385718899847248,0.00392970860765039
2023-12-01,0.0255507301146282,0.00589852495995294
2023-12-02,0.0201524431387205,NA
2023-12-03,0.0126377705204897,NA
2023-12-04,0.0488565668865633,-0.00526327224015482
2023-12-05,0.04882523455973,-0.000197101849333469
2023-12-06,-0.00761051570339849,-0.00403791736646694
2023-12-07,-0.0104271600369865,0.0076014097315196
2023-12-08,0.0199856832348002,0.0042898914264353
2023-12-09,-0.010026349184728,NA
2023-12-10,0.00122768826642268,NA
2023-12-11,-0.059668646696837,0.0038820674912714
2023-12-12,0.00499167816429234,0.00455682745096518
2023-12-13,0.0341627495710369,0.0136957946121741
2023-12-14,0.00310146115920395,0.00320433770509697
2023-12-15,-0.0257616788095846,-0.00164788694095898
2023-12-16,0.00737462854915856,NA
2023-12-17,-0.0209434224084723,NA
2023-12-18,0.0299796695117896,0.00560927831988449
2023-12-19,-0.00831657071861527,0.00606251010706706
2023-12-20,0.0321647372447505,-0.0139542363949366
2023-12-21,0.00495656564004861,0.00943727027845444
2023-12-22,0.00293056578719485,0.00200768996357978
2023-12-23,-0.00588939239897776,NA
2023-12-24,-0.0166777025964808,NA
2023-12-25,0.0137836316469731,NA
2023-12-26,-0.0253744795398312,0.00421364115070296
2023-12-27,0.0214623912043402,0.00180655731544775
2023-12-28,-0.0189384832630336,0.000377612700647508
2023-12-29,-0.0124743793520091,-0.00289927168493842
2023-12-30,0.00136488323668324,NA
2023-12-31,0.00256532895205514,NA
2024-01-01,0.0440216648373267,NA
2024-01-02,0.017742604013605,-0.00561197088581626
2024-01-03,-0.0480649535787553,-0.00820032867912059
2024-01-04,0.030607357718286,-0.00322627891180733
2024-01-05,-0.000390082845152692,0.00136882063432939
2024-01-06,-0.00393630412750998,NA
2024-01-07,-0.00104848080077612,NA
2024-01-08,0.0666242663558736,0.0141749512773818
2024-01-09,-0.0178454171064382,-0.00151823076022473
2024-01-10,0.0105220327519484,0.00563964664830943
2024-01-11,-0.00557424114752255,-0.000440813095255659
2024-01-12,-0.0788426288329937,0.000692544321167622
2024-01-13,-0.000251708664186649,NA
2024-01-14,-0.0247207753553582,NA
2024-01-15,0.0169785640464199,NA
2024-01-16,0.0150113645058065,-0.00367811565444782
2024-01-17,-0.00959971282586154,-0.00557422090068083
2024-01-18,-0.0352539060043805,0.00885358015947945
2024-01-19,0.00859912773807401,0.012389062769554
2024-01-20,0.00113298345354633,NA
2024-01-21,-0.00287943492455674,NA
2024-01-22,-0.0503089102812547,0.00211210241603433
2024-01-23,0.00852358425792219,0.00291232592441354
2024-01-24,0.00579370572798571,0.00109249267048227
2024-01-25,-0.00358115728949295,0.00542418729289526
2024-01-26,0.046076574494817,-0.00127124546256721
2024-01-27,0.00722411285539691,NA
2024-01-28,-0.00200725601730765,NA
2024-01-29,0.0293644157369146,0.00788822868613216
2024-01-30,-0.00778374498993584,-0.0007737825082095
2024-01-31,-0.00865155280904692,-0.0164519909611866
2024-02-01,0.0115148902942397,0.0130033013995185
2024-02-02,0.00255237453024436,0.010472386042063
2024-02-03,-0.00449324549215075,NA
2024-02-04,-0.00955108622874585,NA
2024-02-05,0.00176170753164793,-0.00364775510221755
2024-02-06,0.00993680470869925,0.00289899395077166
2024-02-07,0.0282286462102807,0.00830579655791859
2024-02-08,0.0219456712821148,0.000441716410231255
2024-02-09,0.0399329954084116,0.005762701798695
2024-02-10,0.0131499606950642,NA
2024-02-11,0.0108810642585839,NA
2024-02-12,0.0338814785316512,-0.000439053217676258
2024-02-13,-0.0043285887601175,-0.0138688202462887
2024-02-14,0.0410468495104089,0.00904660682746937
2024-02-15,0.00215600922910838,0.00687600278640416
2024-02-16,0.00425843260976156,-0.00499230163776901
2024-02-17,-0.00957802949778828,NA
2024-02-18,0.00885583428071376,NA
2024-02-19,-0.00661016369404654,NA
2024-02-20,0.00971967933731947,-0.00552067299031718
2024-02-21,-0.00856090431522995,0.000905372971055654
2024-02-22,-0.0103585476400143,0.0204843268866335
2024-02-23,-0.0112318061155126,0.000689405783188981
2024-02-24,0.0164055941302178,NA
2024-02-25,0.00313901336823693,NA
2024-02-26,0.0525111876569454,-0.0036692302736837
2024-02-27,0.0459362164404731,0.00185598055834334
2024-02-28,0.0906952929770429,-0.00132248053364573
2024-02-29,-0.0211224142700197,0.00358848338675364
2024-03-01,0.0200954657884248,0.00934434933812438
2024-03-02,-0.00660054731209119,NA
2024-03-03,0.0181722046590126,NA
2024-03-04,0.0785670808490068,-0.001072856688345
2024-03-05,-0.0685829818149203,-0.01004445187834
2024-03-06,0.0354997002008663,0.00505444147580805
2024-03-07,0.0123081400525154,0.00987742016935962
2024-03-08,0.020331312236988,-0.00602021589387295
2024-03-09,0.00290629663201919,NA
2024-03-10,0.00757582565720686,NA
2024-03-11,0.0439922985827463,-0.00086017441588475
2024-03-12,-0.00894983604934784,0.0106999362124425
2024-03-13,0.0221668990640754,-0.00156879097049588
2024-03-14,-0.0233524614583823,-0.00197873038968299
2024-03-15,-0.0283089232920006,-0.00689027922591211
2024-03-16,-0.0607177252062968,NA
2024-03-17,0.0460122407046103,NA
2024-03-18,-0.0123885075543686,0.00592556611263423
2024-03-19,-0.0871207318570082,0.00554186232328917
2024-03-20,0.092510852968774,0.0092067122536224
2024-03-21,-0.0363186742262133,0.0032993014484854
2024-03-22,-0.0264984466521593,-0.00189774948614791
2024-03-23,0.00443428866540001,NA
2024-03-24,0.0483270931506797,NA
2024-03-25,0.0397250476948794,-0.00276655778929523
2024-03-26,0.000414778606564033,-0.00184857325175227
2024-03-27,-0.00763744454295177,0.00836865507948593
2024-03-28,0.0183971899718809,-0.00019121050867545
2024-03-29,-0.0121181580122044,NA
2024-03-30,-0.00354775704868207,NA
2024-03-31,0.0239528586963025,NA
2024-04-01,-0.023137002333258,-0.00174123354891634
2024-04-02,-0.0629909043698857,-0.00637845687803318
2024-04-03,0.00812374307331999,0.00109783248260559
2024-04-04,0.0375988627118614,-0.0122811998976887
2024-04-05,-0.00984563041828857,0.0103927926357813
2024-04-06,0.015482496362565,NA
2024-04-07,0.0067474553636263,NA
2024-04-08,0.0321857940970219,0.000559058803395729
2024-04-09,-0.0354137612037884,0.00115632600935981
2024-04-10,0.0207393012425347,-0.0100637159943293
2024-04-11,-0.00749778258451207,0.00751842754095547
2024-04-12,-0.0417489701814347,-0.0138991114535978
2024-04-13,-0.0515220497152344,NA
2024-04-14,0.0295985014949587,NA
2024-04-15,-0.0358109994965086,-0.0126072547950314
2024-04-16,0.00606192017722891,-0.00182550190231887
2024-04-17,-0.0405395853499449,-0.0059358349160876
2024-04-18,0.0358412020861477,-0.00205974653500727
2024-04-19,0.00519514287691221,-0.0087666773864664
2024-04-20,0.0178658718865042,NA
2024-04-21,-0.0010436624765666,NA
2024-04-22,0.0290089017592759,0.00916689923403525
2024-04-23,-0.0064603984899146,0.0117968682532807
2024-04-24,-0.032606301316272,-0.000474860633517688
2024-04-25,0.00318128276919178,-0.00380603694132644
2024-04-26,-0.0113289352190161,0.00942929886399477
2024-04-27,-0.00528691795635665,NA
2024-04-28,-0.00483529629015439,NA
2024-04-29,0.0114670917875564,0.00353512111766372
2024-04-30,-0.0514946297165421,-0.0159680453834262
2024-05-01,-0.0400899234806572,-0.00325237867697205
2024-05-02,0.0148143925496978,0.00930990665347879
2024-05-03,0.0617572064982481,0.0123191506920982
2024-05-04,0.0158013443890476,NA
2024-05-05,0.00218351105696474,NA
2024-05-06,-0.0136673647637241,0.0102738535635626
2024-05-07,-0.0131819299956467,0.00110289462503722
2024-05-08,-0.0185699862584938,0.0000966460166696146
2024-05-09,0.0299773086041791,0.00574516428081993
2024-05-10,-0.0364564546354889,0.00128745142178995
2024-05-11,0.0000153568667573041,NA
2024-05-12,0.0107113641527938,NA
2024-05-13,0.0233714942378763,0.00013432876678494
2024-05-14,-0.0216740381115794,0.00457756154922932
2024-05-15,0.0738042976614985,0.0123070248126437
2024-05-16,-0.0157557243971512,-0.00205974965733439
2024-05-17,0.0275228349050477,0.0014366928015536
2024-05-18,-0.00165785680529221,NA
2024-05-19,-0.0099451595532183,NA
2024-05-20,0.0751090888252984,0.00115143533158342
2024-05-21,-0.0185288571822953,0.00244960208124223
2024-05-22,-0.014565869510185,-0.00288364030336135
2024-05-23,-0.0174065965877577,-0.00733102589805312
2024-05-24,0.00874339466804794,0.00659460700606428
2024-05-25,0.0107386583854286,NA
2024-05-26,-0.0108555230580381,NA
2024-05-27,0.0127105489937594,NA
2024-05-28,-0.0159539990459575,0.000698636923510824
2024-05-29,-0.0105705290938478,-0.0070271010066555
2024-05-30,0.0115770099062722,-0.00665600163524223
2024-05-31,-0.0128604927708057,0.00906708478708499
2024-06-01,0.00318825810485505,NA
2024-06-02,0.000659449960522585,NA
2024-06-03,0.0154251386581296,0.000814928747086863
2024-06-04,0.0253002252489254,0.00111726718984618
2024-06-05,0.00727221781660282,0.0118151001040591
2024-06-06,-0.00459189027201765,-0.0000187197994266453
2024-06-07,-0.0201945570798921,-0.0012164915194571
2024-06-08,-0.000531019638905005,NA
2024-06-09,0.00492565912658922,NA
2024-06-10,-0.00195042704602312,0.00308511419656679
2024-06-11,-0.0318673749178796,0.00240549995956429
2024-06-12,0.013412234174301,0.00817923223463992
2024-06-13,-0.0219981554211618,0.00201147712991649
2024-06-14,-0.0112273344053877,0.000608358799671349
2024-06-15,0.00272168701648599,NA
2024-06-16,0.00674619312119944,NA
2024-06-17,-0.00223466979873362,0.00792732574480356
2024-06-18,-0.020505771883152,0.00253741585532775
2024-06-19,-0.00277398751532668,NA
2024-06-20,-0.00202853427771228,-0.00272014848595186
2024-06-21,-0.011362664075991,-0.00134162956614949
2024-06-22,0.00243678182007824,NA
2024-06-23,-0.0168214413620001,NA
2024-06-24,-0.0470429339934126,-0.00325583981275645
2024-06-25,0.0250209785898576,0.00384345785883267
2024-06-26,-0.0162031982640604,0.0012472448540341
2024-06-27,0.0129645478634577,0.00157521673920352
2024-06-28,-0.0210738120086118,-0.00394281795753946
2024-06-29,0.00935992006469257,NA
2024-06-30,0.028989272731725,NA
2024-07-01,0.0027672625269043,0.00205596422121913
2024-07-02,-0.0131801760562907,0.00670727323352191
2024-07-03,-0.0303632025066166,0.00445272000578657
2024-07-04,-0.0545790489543486,NA
2024-07-05,-0.00554960784075204,0.00574973477445494
2024-07-06,0.0285523856250875,NA
2024-07-07,-0.0430092171893191,NA
2024-07-08,0.015210533790654,0.00115344503681844
2024-07-09,0.0227379641121489,0.00097185796974417
2024-07-10,-0.00460867336984687,0.00984661059196769
2024-07-11,-0.00690924597826881,-0.00865997881082083
2024-07-12,0.00962398455810418,0.00628787920040861
2024-07-13,0.0227530032425821,NA
2024-07-14,0.0259278502630056,NA
2024-07-15,0.0649986203949803,0.00274626721603541
2024-07-16,0.00349312978267319,0.00591254055201924
2024-07-17,-0.0151432424548232,-0.0141203308833133
2024-07-18,-0.0022597141603525,-0.00771448801715752
2024-07-19,0.0418794201096355,-0.00666271526177373
2024-07-20,0.00677494634833188,NA
2024-07-21,0.0146453753701437,NA
2024-07-22,-0.00838776669011285,0.0102572349994613
2024-07-23,-0.0248315035462847,-0.00156992178555907
2024-07-24,-0.00846219655757601,-0.0229233732936833
2024-07-25,0.00617761367994595,-0.00522393830777433
2024-07-26,0.0319399921931969,0.0111374654215747
2024-07-27,-0.00145479889613824,NA
2024-07-28,0.00650452563967065,NA
2024-07-29,-0.0212622456640867,0.00058757978222362
2024-07-30,-0.00930534623067328,-0.00507932184004952
2024-07-31,-0.0241834505774867,0.0161239004932032
2024-08-01,0.0113598461110432,-0.014262175302138
2024-08-02,-0.0622170138648715,-0.0187939241121603
2024-08-03,-0.0120394867920852,NA
2024-08-04,-0.0431578827242094,NA
2024-08-05,-0.0736319858212007,-0.0295561533410048
2024-08-06,0.037138465099117,0.0091774246677318
2024-08-07,-0.0181319456214237,-0.00670656748555281
2024-08-08,0.114615857432958,0.0228542747197626
2024-08-09,-0.0135416335526674,0.00439996491891811
2024-08-10,0.00107857542961913,NA
2024-08-11,-0.0372135465234372,NA
2024-08-12,0.010756599640608,0.000525135436683183
2024-08-13,0.020924539277115,0.0163120885647514
2024-08-14,-0.0313783013916643,0.00314972825711111
2024-08-15,-0.020244862097136,0.0169949456425339
2024-08-16,0.0229114301013427,0.00223943680847379
2024-08-17,0.00988184063726237,NA
2024-08-18,-0.016870237926472,NA
2024-08-19,0.0171136635560061,0.00951603388197417
2024-08-20,-0.00811202460475731,-0.00162742153606314
2024-08-21,0.0359874877747519,0.00343050357035928
2024-08-22,-0.0130521141055435,-0.00787942666099728
2024-08-23,0.0596666777899252,0.0105693701753182
2024-08-24,0.001319630813085,NA
2024-08-25,0.00240522616054371,NA
2024-08-26,-0.0228425120791344,-0.0023866885272709
2024-08-27,-0.0551928775609079,0.00137211767541965
2024-08-28,-0.00804021450926693,-0.00582218225481938
2024-08-29,0.00608965674273899,0.0000895663176195882
2024-08-30,-0.00453478862002765,0.00950082280555526
2024-08-31,-0.00253330504958304,NA
2024-09-01,-0.0282817712577215,NA
2024-09-02,0.0306967310826489,NA
2024-09-03,-0.0288574422367031,-0.0207937078237644
2024-09-04,0.00936754896683662,-0.0020489464299836
2024-09-05,-0.0317387301454916,-0.00243517861072187
2024-09-06,-0.0401788599055402,-0.0169733780113111
2024-09-07,0.00353291785617069,NA
2024-09-08,0.0128809053957022,NA
2024-09-09,0.0389455136654467,0.0111338994687322
2024-09-10,0.010973955159394,0.00434638816500113
2024-09-11,-0.00531411042338101,0.010206636535156
2024-09-12,0.0135766976294007,0.00838793097540638
2024-09-13,0.0411907229072504,0.00520928101385395
2024-09-14,-0.00939128628854153,NA
2024-09-15,-0.0137983437794186,NA
2024-09-16,-0.016874951656181,0.001475830124687
2024-09-17,0.0357170886607077,0.000408374343387946
2024-09-18,0.0219943305683948,-0.00297018381499382
2024-09-19,0.0207211190539163,0.0169203863394478
2024-09-20,0.00400401164740542,-0.00173022084547259
2024-09-21,0.00318930301647824,NA
2024-09-22,0.00399660478802971,NA
2024-09-23,-0.00502306764307977,0.00249591044013661
2024-09-24,0.0152342441721866,0.00285720466919604
2024-09-25,-0.0181859645588887,-0.00220794540521755
2024-09-26,0.031764030655624,0.00395689513636085
2024-09-27,0.00930962964867825,-0.00145140806960203
2024-09-28,0.00147305035576025,NA
2024-09-29,-0.00383726267761302,NA
2024-09-30,-0.0357624770495681,0.00399923480780844
2024-10-01,-0.0401529704172501,-0.00899879303749774
2024-10-02,-0.00336252896593823,0.000421884561524401
2024-10-03,0.00208608537377595,-0.00182981593659049
2024-10-04,0.0213002835593872,0.00904624030703043
2024-10-05,0.000362002616500903,NA
2024-10-06,0.0116727017835175,NA
2024-10-07,-0.00931261159307203,-0.00908149120201524
2024-10-08,-0.0016835665376193,0.00941308246255734
2024-10-09,-0.0252611554684642,0.00690270777777804
2024-10-10,-0.00509036697595273,-0.00175164058835001
2024-10-11,0.0353784793604472,0.0059702825117575
2024-10-12,0.011906298332257,NA
2024-10-13,-0.00542109412935906,NA
2024-10-14,0.0495805492882901,0.0081452500395156
2024-10-15,0.0149526424220398,-0.00780017248529359
2024-10-16,0.00849010854744918,0.00433708375617799
2024-10-17,-0.00315352878722722,0.0000857184110410727
2024-10-18,0.0150048970496654,0.00383917584421829
2024-10-19,-0.000819623721527923,NA
2024-10-20,0.0093033301819392,NA
2024-10-21,-0.0239632629213025,-0.00164355659837116
2024-10-22,-0.0000956779931777652,-0.000531190176504231
2024-10-23,-0.013890438213699,-0.00917937486480383
2024-10-24,0.0256915479674532,0.00216043810385243
2024-10-25,-0.022532133472795,-0.000345505959254614
2024-10-26,0.00557070573324996,NA
2024-10-27,0.0135554840575667,NA
2024-10-28,0.028709215102557,0.00308665169135484
2024-10-29,0.0394465905777621,0.00161706849815079
2024-10-30,-0.00525236341818716,-0.00302978472030196
2024-10-31,-0.029806220896925,-0.0197978513743683
2024-11-01,-0.0104901612367784,0.00421157511698086
2024-11-02,-0.00278436278553029,NA
2024-11-03,-0.00794258611024876,NA
2024-11-04,-0.0136156113622657,-0.00215615133612599
2024-11-05,0.0225721124909319,0.0120192459351027
2024-11-06,0.086669031268464,0.024561337867092
2024-11-07,0.00350764968747887,0.00770244384319497
2024-11-08,0.00840432333931633,0.00432234044804574
2024-11-09,0.00304440638133574,NA
2024-11-10,0.0470070453718431,NA
2024-11-11,0.0973401431249626,0.000952451167788323
2024-11-12,-0.00844206626910678,-0.00311113082018525
2024-11-13,0.0294448504877615,0.00048569558168898
2024-11-14,-0.0374969223188114,-0.00645099451628565
2024-11-15,0.0428021182914262,-0.0128912882474652
2024-11-16,-0.00558881224411838,NA
2024-11-17,-0.00790035044031817,NA
2024-11-18,0.00772546540607537,0.00408890948938375
2024-11-19,0.0196975431836517,0.00364891837266313
2024-11-20,0.0213814449984326,0.000338707257992783
2024-11-21,0.0432046373822124,0.00535382426960893
2024-11-22,0.00499172209506117,0.00309473252472594
2024-11-23,-0.0124040025297939,NA
2024-11-24,0.00241624032647889,NA
2024-11-25,-0.0514096372932905,0.00338629471026183
2024-11-26,-0.012069852534281,0.00520790255441283
2024-11-27,0.0423288133049569,-0.00303468048756948
2024-11-28,-0.00323631000313282,NA
2024-11-29,0.0187361629072075,0.00619295984957473
2024-11-30,-0.0104427304650976,NA
2024-12-01,0.00857631162029024,NA
2024-12-02,-0.0146471197983608,0.00179075947785478
2024-12-03,0.00142660346856026,0.000463710090053988
2024-12-04,0.0284083108720062,0.00619023185666186
2024-12-05,-0.0222668653122219,-0.00164689031834749
2024-12-06,0.0338648017678092,0.00189390354345142
2024-12-07,0.0000262704848226063,NA
2024-12-08,0.0130513278197411,NA
2024-12-09,-0.0382925034662132,-0.00516304778952071
2024-12-10,-0.00780279355398795,-0.00311393168045341
2024-12-11,0.0454729495707633,0.00770092712661418
2024-12-12,-0.0112321381496045,-0.00516592830566084
2024-12-13,0.014057223472297,-0.000198539234437906
2024-12-14,-0.000850841793417154,NA
2024-12-15,0.0284523776965288,NA
2024-12-16,0.0164605674430302,0.00426094900538551
2024-12-17,0.00104522463303619,-0.00412865329012204
2024-12-18,-0.0591791546537702,-0.0302565628879948
2024-12-19,-0.0258259051251426,-0.000307310417659566
2024-12-20,0.00271427355318317,0.0119395248905353
2024-12-21,-0.00544879117211963,NA
2024-12-22,-0.0220441803820154,NA
2024-12-23,-0.00441217544912098,0.005970514162665
2024-12-24,0.0412739940682794,0.0110536612069485
2024-12-25,0.00629476156273707,NA
2024-12-26,-0.0359215932968038,0.0000666567654483795
2024-12-27,-0.0171688048649555,-0.0105824023343437
2024-12-28,0.0105539109069126,NA
2024-12-29,-0.0173163173686014,NA
2024-12-30,-0.00952898919172895,-0.0114771802281528
2024-12-31,0.00844829005287248,-0.00364481195588779
2025-01-01,0.0105463864569463,NA
2025-01-02,0.0257937106935461,-0.00245991794071264
2025-01-03,0.0125190387534923,0.0124259277008011
2025-01-04,0.00131195370335783,NA
2025-01-05,0.000801159028472862,NA
2025-01-06,0.0375618565168179,0.00574397390487871
2025-01-07,-0.0518242829786953,-0.0113685104960748
2025-01-08,-0.0195788576965656,0.00145996932487494
2025-01-09,-0.0272988491790357,NA
2025-01-10,0.0236932656291591,-0.0153851657858784
2025-01-11,-0.00142506249786367,NA
2025-01-12,-0.000826809568998313,NA
2025-01-13,0.000297197889065057,0.00154926497617593
2025-01-14,0.0211210930715596,0.00137503005367385
2025-01-15,0.040306661406227,0.0180265391343538
2025-01-16,-0.00746613592099961,-0.00192504328310601
2025-01-17,0.0460874538869578,0.00998986508021889
2025-01-18,-0.000516768544455899,NA
2025-01-19,-0.0322996292772465,NA
2025-01-20,0.00912882807456601,NA
2025-01-21,0.0396818342587629,0.0091119443565675
2025-01-22,-0.0237685469930423,0.00560575309887158
2025-01-23,0.0029584026842158,0.00544324386739732
2025-01-24,0.00823181116278129,-0.00292368064300275
2025-01-25,-0.0010006574570037,NA
2025-01-26,-0.0195973135639244,NA
2025-01-27,-0.00580957785144812,-0.0142463864123466
2025-01-28,-0.007425167615396,0.00855578643848767
2025-01-29,0.0231261207465303,-0.00449307931070763
2025-01-30,0.00990318110772679,0.00535272553230657
2025-01-31,-0.022500491172309,-0.0053360494695819
2025-02-01,-0.0172279369718287,NA
2025-02-02,-0.0299191082065488,NA
2025-02-03,0.0373378366646469,-0.00675235070336022
2025-02-04,-0.0354678933406194,0.0066859517231178
2025-02-05,-0.0129200487537534,0.00404626529310724
2025-02-06,-0.00022926951799646,0.00346967820940219
2025-02-07,-0.000664976673661764,-0.00919579964191567
2025-02-08,-0.000483212699446637,NA
2025-02-09,0.000182820937279434,NA
2025-02-10,0.00966772822799494,0.00676832007794436
2025-02-11,-0.0174979243693831,0.000760212291618111
2025-02-12,0.0220883159193475,-0.00322666093943178
2025-02-13,-0.0129763165895202,0.0105022498974909
2025-02-14,0.0091185779172293,-0.0000492789967864857
2025-02-15,0.000731796241549984,NA
2025-02-16,-0.0145063836274557,NA
2025-02-17,-0.00418496840066224,NA
2025-02-18,-0.00244453999348472,0.00293150691263677
2025-02-19,0.0114070351899248,0.00235223318327574
2025-02-20,0.0174219113580324,-0.00416899294705668
2025-02-21,-0.0227140947042454,-0.0172521462583607
2025-02-22,0.00469334730219672,NA
2025-02-23,-0.00315098307034173,NA
2025-02-24,-0.0517532055364913,-0.0045607576339508
2025-02-25,-0.0297766693549972,-0.00498555227562188
2025-02-26,-0.0507280862209709,0.000504666779927089
2025-02-27,0.00422598066095089,-0.0160907273851636
2025-02-28,-0.00391796299389704,0.0154850345063791
2025-03-01,0.0194707833624157,NA
2025-03-02,0.0912150149568652,NA
2025-03-03,-0.0908227048294561,-0.017675241088365
2025-03-04,0.0133482006343724,-0.0119075695636659
2025-03-05,0.0382554190530362,0.0106905542497313
2025-03-06,-0.00732993151532577,-0.0179105709684969
2025-03-07,-0.0364383782693103,0.00558919554235956
2025-03-08,-0.00680265695012163,NA
2025-03-09,-0.0666317432215322,NA
2025-03-10,-0.026005355987277,-0.0269966446857555
2025-03-11,0.0536729340651247,-0.00834775640749525
2025-03-12,0.0103269598158153,0.00529260324642512
2025-03-13,-0.0322337677609115,-0.0134200576923167
2025-03-14,0.0351765814759244,0.0204453467512023
2025-03-15,0.00444422215127116,NA
2025-03-16,-0.0211293785421946,NA
2025-03-17,0.0179536985740853,0.00768162629466603
2025-03-18,-0.0162741576821945,-0.0108672062009161
2025-03-19,0.048787879453061,0.0108319234829361
2025-03-20,-0.0314259156183106,-0.00289590309958906
2025-03-21,-0.00147378663629007,0.000329848876687413
2025-03-22,-0.00251088025103797,NA
2025-03-23,0.0261587898176756,NA
2025-03-24,0.016647018673748,0.0177500255415716
2025-03-25,-0.000311034368590103,0.00240096692240849
2025-03-26,-0.00654715703686912,-0.0120101055171236
2025-03-27,0.00317350850323614,-0.00265925502918137
2025-03-28,-0.0329295655003291,-0.0203437909989422
2025-03-29,-0.0210316800081276,NA
2025-03-30,-0.00318995159971266,NA
2025-03-31,0.0026005128116161,0.00669033812734335
2025-04-01,0.0312485205315684,0.00282040803090404
2025-04-02,-0.0320144583229853,0.00630844724950486
2025-04-03,0.00745365649204108,-0.0505364315937475
2025-04-04,0.00887686580650601,-0.0603266216713637
2025-04-05,-0.00405152206907357,NA
2025-04-06,-0.065449225225095,NA
2025-04-07,0.0129675075607981,-0.00178278022300971
2025-04-08,-0.0381170762617497,-0.0157867158668899
2025-04-09,0.0793890094423811,0.099862840933972
2025-04-10,-0.0363518545774045,-0.0448080138207803
2025-04-11,0.0463638537952746,0.0176854732518101
2025-04-12,0.0223170294885675,NA
2025-04-13,-0.0189638521368722,NA
2025-04-14,0.010193602875445,0.00965459170866722
2025-04-15,-0.0103846276257749,-0.00280482256384753
2025-04-16,0.00435145324422512,-0.0224786609788542
2025-04-17,0.0102041347801538,0.00142565506157899
2025-04-18,-0.00525486139588624,NA
2025-04-19,0.0072278543535026,NA
2025-04-20,0.00130277404441326,NA
2025-04-21,0.0271550412785429,-0.0240905435535972
2025-04-22,0.0654849109954958,0.0256850961505612
2025-04-23,0.00274893168226587,0.0153765814998838
2025-04-24,0.00260801373823992,0.0208304949583057
2025-04-25,0.00823375196990693,0.00719925199807773
2025-04-26,-0.000777011298330353,NA
2025-04-27,-0.00947010835713842,NA
2025-04-28,0.0129698521864597,0.000381300157892265
2025-04-29,-0.00733330942544472,0.00627957756027536
2025-04-30,-0.00082206698552299,0.000396923576276642
2025-05-01,0.0239657788961882,0.00706186861713083
2025-05-02,0.00431985343632411,0.0147350759858051
2025-05-03,-0.0105629983809011,NA
2025-05-04,-0.0165698419005678,NA
2025-05-05,0.00457071474008717,-0.0057508253986215
2025-05-06,0.021451265529472,-0.00839351165517703
2025-05-07,0.00237154382422395,0.00419664677487404
2025-05-08,0.0620264035337455,0.00694366837821511
2025-05-09,-0.00262457199628457,-0.00127488394062662
2025-05-10,0.0166180931818684,NA
2025-05-11,-0.00565098397007598,NA
2025-05-12,-0.0125017146072706,0.0325130574340947
2025-05-13,0.0131110318075239,0.00658211472093464
2025-05-14,-0.00607002763940643,0.00127722522710157
2025-05-15,0.00198014873712284,0.00487248316579014
2025-05-16,-0.00246438111865106,0.00631410704155817
2025-05-17,-0.00288564728922235,NA
2025-05-18,0.0310554149584065,NA
2025-05-19,-0.00792099837264653,0.00109322183475051
2025-05-20,0.0111575687100768,-0.00336784828908135
2025-05-21,0.0266750544968761,-0.0169943411070778
2025-05-22,0.0180279639423644,0.000394546502770447
2025-05-23,-0.0400625623389946,-0.0068491736212629
2025-05-24,0.00468070247407688,NA
2025-05-25,0.0114768975511844,NA
2025-05-26,0.00370729485402942,NA
2025-05-27,-0.00408109657520394,0.0205774403614419
2025-05-28,-0.010999457493792,-0.00580227349861826
2025-05-29,-0.0202455280092546,0.00393971846459817
2025-05-30,-0.0156765748876118,-0.00111920047149005
2025-05-31,0.00613051827031547,NA
2025-06-01,0.00964396528382233,NA
2025-06-02,0.00216920377543396,0.00561717806226145
2025-06-03,-0.00425019805593014,0.00568641799187132
2025-06-04,-0.00666608418803053,-0.000268504722306213
2025-06-05,-0.0305977318470372,-0.00484452261735143
2025-06-06,0.0273303530644588,0.0102166425258014
2025-06-07,0.0116691459869952,NA
2025-06-08,0.00168415960836583,NA
2025-06-09,0.0416599645648678,0.000900896856224744
2025-06-10,-0.00033431842692466,0.00565369385517789
2025-06-11,-0.0143473886097262,-0.00285612810283243
2025-06-12,-0.0256991668453318,0.00396640763008566
2025-06-13,0.00152734719439052,-0.0112430749692296
2025-06-14,-0.00584755525466367,NA
2025-06-15,0.000754577954748333,NA
2025-06-16,0.0117236239769893,0.00946923375524207
2025-06-17,-0.0207733363618137,-0.00858185412764701
2025-06-18,0.00269433950386191,-0.000150616103365301
2025-06-19,-0.00189952173927103,NA
2025-06-20,-0.0132187297709392,-0.00235135857621672
2025-06-21,-0.0102370950736495,NA
2025-06-22,-0.012500036871865,NA
2025-06-23,0.0444546821160779,0.00982901659328767
2025-06-24,0.00442162939858735,0.0109867041026585
2025-06-25,0.0123298892885524,0.000560161934214934
2025-06-26,-0.00374445620028651,0.00779339291754831
2025-06-27,0.00120000602760066,0.00495600868192421
2025-06-28,0.002231861322037,NA
2025-06-29,0.00980816480326664,NA
2025-06-30,-0.0116021078522049,0.00476981544185354
2025-07-01,-0.0135042249937311,-0.000323682200409182
2025-07-02,0.0294677772013571,0.00452303085577732
2025-07-03,0.00721861178924317,0.00785045559545565
2025-07-04,-0.0148259191473685,NA
2025-07-05,0.00182039012359285,NA
2025-07-06,0.00920521230696976,NA
2025-07-07,-0.00857092098247969,-0.00747981589649034
2025-07-08,0.00598778774768872,-0.00054792070891919
2025-07-09,0.0215762452748819,0.00597870713929806
2025-07-10,0.0410120507184265,0.00281635882643014
2025-07-11,0.013103070357299,-0.00352166510049343
2025-07-12,-0.000696019205401959,NA
2025-07-13,0.0142118737528841,NA
2025-07-14,0.00613969178492453,0.00190638964771885
2025-07-15,-0.0174438858577923,-0.00428242299610617
2025-07-16,0.00812906395094982,0.00333767351767687
2025-07-17,0.00463253154398558,0.00610100413952975
2025-07-18,-0.0108442256179857,-0.000732627512266215
2025-07-19,-0.000536145993420385,NA
2025-07-20,-0.00543433933607363,NA
2025-07-21,0.00118215746963315,0.00189437166926746
2025-07-22,0.0215298859239867,0.000143079326245027
2025-07-23,-0.0103913075480231,0.00847156471064191
2025-07-24,-0.00326380270789058,0.000330957007171134
2025-07-25,-0.00620430077034184,0.00421546034669736
2025-07-26,0.0026443692962842,NA
2025-07-27,0.0126467665567652,NA
2025-07-28,-0.012840860304522,-0.000251151030136244
2025-07-29,-0.0000197427035478798,-0.00264109379991735
2025-07-30,-0.000771661971627534,-0.00126012419222022
2025-07-31,-0.017749425967369,-0.00375826421579146
2025-08-01,-0.0212871264623786,-0.0165262405108386
2025-08-02,-0.00702400418011523,NA
2025-08-03,0.0149136010719257,NA
2025-08-04,0.00745097080932314,0.0150854362640826
2025-08-05,-0.00811857336682081,-0.00508286049647687
2025-08-06,0.00773714933047947,0.00763049785398199
2025-08-07,0.0212363599711319,-0.000837972063866259
2025-08-08,-0.00690200419673354,0.00776732405639516
2025-08-09,-0.0016155749975506,NA
2025-08-10,0.0238036152710894,NA
2025-08-11,-0.00483379232958767,-0.00197944364950113
2025-08-12,0.0120674104129617,0.0105898180507771
2025-08-13,0.0260461153103014,0.00341725281560122
2025-08-14,-0.0412504432416683,0.0000930042224587285
2025-08-15,-0.00815439709790627,-0.00234396992807061
2025-08-16,0.000791861061786004,NA
2025-08-17,-0.000325941461445338,NA
2025-08-18,-0.0102758489477457,-0.000217659512318382
2025-08-19,-0.0298702202052192,-0.00543991444327617
2025-08-20,0.0127128516068693,-0.00266059479862248
2025-08-21,-0.0163723278465067,-0.00401990916036855
2025-08-22,0.0388639264247782,0.0152400812949333
2025-08-23,-0.012915297318543,NA
2025-08-24,-0.0167453578315027,NA
2025-08-25,-0.0298263155288319,-0.00441080181603744
2025-08-26,0.015125123339528,0.00417830990916595
2025-08-27,-0.00520655346926939,0.00227592292599711
2025-08-28,0.0118226403333177,0.0035351225577841
2025-08-29,-0.037423359714663,-0.00598153595548934
2025-08-30,0.00365746080463544,NA
2025-08-31,-0.0052649106927604,NA
2025-09-01,0.00932367209897638,NA
2025-09-02,0.0176913822811821,-0.00743787101136377
2025-09-03,0.00468883057640544,0.00540492721100958
2025-09-04,-0.00898746169776838,0.00832266116358981
2025-09-05,-0.000656057151249527,-0.00290045371047206
2025-09-06,-0.0038599957441809,NA
2025-09-07,0.00851816005537941,NA
2025-09-08,0.00809730601303834,0.00245361627556462
2025-09-09,-0.00483791669269965,0.00230918043826568
2025-09-10,0.0215082708918206,0.00288669215638472
2025-09-11,0.0135290138245721,0.00827588893715821
2025-09-12,0.00512968031934926,-0.000334635778609941
2025-09-13,-0.00130203814572203,NA
2025-09-14,-0.00469274607979696,NA
2025-09-15,0.000322446109825618,0.00530975840993751
2025-09-16,0.0120396147406812,-0.00137781800036234
2025-09-17,-0.00321184078745193,-0.00124312842458431
2025-09-18,0.00572500677512241,0.00466157088415973
2025-09-19,-0.0124415833621796,0.00494061028410054
2025-09-20,0.000286084831133253,NA
2025-09-21,-0.0036001483649768,NA
2025-09-22,-0.0224305333197482,0.0047199188082894
2025-09-23,-0.00653141661524412,-0.00545846210666748
2025-09-24,0.0116635256971231,-0.00318663783581716
2025-09-25,-0.0384918796436156,-0.00462417968005418
2025-09-26,0.00606632543055882,0.00571272897809545
2025-09-27,-0.000281527332853905,NA
2025-09-28,0.022008506441889,NA
2025-09-29,0.0201111474090779,0.00280646785722104
2025-09-30,-0.00301411588423991,0.00375979873453575
2025-10-01,0.039478652767795,0.00340172439095292
2025-10-02,0.0169838748585951,0.00115119362916515
2025-10-03,0.0130505072164265,-0.0000148662694700555
2025-10-04,0.00129876322235384,NA
2025-10-05,0.00884816469408489,NA
2025-10-06,0.00998175292871313,0.00357984804644794
2025-10-07,-0.0268179837651983,-0.00371438415406709
2025-10-08,0.0155512593053873,0.00594533283456776
2025-10-09,-0.0134604023670506,-0.00290122316948787
2025-10-10,-0.0723218218469905,-0.0273997320200996
2025-10-11,-0.0214851600334071,NA
2025-10-12,0.0386093463438997,NA
2025-10-13,0.000879292966289005,0.015227500463862
2025-10-14,-0.0188491634455942,-0.00122238892425129
2025-10-15,-0.0208625782908984,0.00442972326355148
2025-10-16,-0.0237224847831797,-0.00683353708016567
2025-10-17,-0.0160098398053488,0.00566026418894703
2025-10-18,0.00683758034970593,NA
2025-10-19,0.013605430464268,NA
2025-10-20,0.0175344907383395,0.0103467642607107
2025-10-21,-0.0192828301734961,-0.0000149111283116714
2025-10-22,-0.00729356227081873,-0.00521249240214488
2025-10-23,0.0218704444247777,0.00591243918259733
2025-10-24,0.00872171428526193,0.00813933255252479
2025-10-25,0.005459116892619,NA
2025-10-26,0.0250392677448033,NA
2025-10-27,-0.00308950285538263,0.0117286466456595
2025-10-28,-0.0102448240868119,0.00265249348902846
2025-10-29,-0.0260168054657663,0.00048021694969598
2025-10-30,-0.0160266389546195,-0.011059045996238
2025-10-31,0.0114809611962852,0.00327483488053259
2025-11-01,0.0046248251724931,NA
2025-11-02,0.00521614123331979,NA
2025-11-03,-0.03768718290101,0.0018749518807334
2025-11-04,-0.0476408575376078,-0.0119244100438791
2025-11-05,0.0224000613217487,0.0034594834147795
2025-11-06,-0.0252511824918508,-0.0107873638819698
2025-11-07,0.020238925968734,0.000984094616202723
2025-11-08,-0.0106032122142002,NA
2025-11-09,0.0235518396996801,NA
2025-11-10,0.0121202693364623,0.01548382683787
2025-11-11,-0.0287025464768418,0.00228664981317041
2025-11-12,-0.013039146642677,0.00055622138973305
2025-11-13,-0.0195247429765854,-0.016733251094781
2025-11-14,-0.0546228711365915,-0.000163672335253855
2025-11-15,0.0121231064987472,NA
2025-11-16,-0.0144639384619225,NA
2025-11-17,-0.0223683827163435,-0.00936013095720069
2025-11-18,0.00924117356330554,-0.0084329608866357
2025-11-19,-0.0160823776998089,0.0038557067077721
2025-11-20,-0.0542991431316112,-0.0153596123456315
2025-11-21,-0.0179504904722895,0.00991194139257471
2025-11-22,-0.00521187239368071,NA
2025-11-23,0.0251585865790004,NA
2025-11-24,0.0167423578108395,0.0146112605731023
2025-11-25,-0.0105764769567545,0.0093619869830687
2025-11-26,0.0357225879133364,0.00687973939994547
2025-11-27,0.00843780610849543,NA
2025-11-28,-0.00401866677441968,0.00544363989284956
2025-11-29,-0.00074277862694653,NA
2025-11-30,-0.00504779257313277,NA
2025-12-01,-0.046101838054076,-0.00457592139261987
2025-12-02,0.0566209938703038,0.00185050679983673
2025-12-03,0.0235582620118317,0.00345679369812311
2025-12-04,-0.0220723863356891,NA
