month,cost_usd_low,cost_usd_avg,cost_usd_median,cost_usd_high,daily_total_usd_low,monthly_total_usd_low,pct_of_payment_low,daily_total_usd_avg,monthly_total_usd_avg,pct_of_payment_avg,daily_total_usd_median,monthly_total_usd_median,pct_of_payment_median,daily_total_usd_high,monthly_total_usd_high,pct_of_payment_high,network,chain_type
2025-06,0.0014568587222222,0.004496108850022134,0.00163823360503465,0.4310843202294281,0.14568587222222,4.370576166666599,1.4568587222221998,0.44961088500221336,13.4883265500664,4.496108850022133,0.163823360503465,4.9147008151039495,1.6382336050346498,43.10843202294281,1293.2529606882842,431.0843202294281,Arbitrum One,L2
2025-07,0.0015917825624999,0.00439445274310789,0.0023462820432555,0.598567100473532,0.15917825624999002,4.775347687499701,1.5917825624999,0.43944527431078906,13.183358229323671,4.39445274310789,0.23462820432555,7.0388461297665,2.3462820432555,59.856710047353204,1795.701301420596,598.5671004735319,Arbitrum One,L2
2025-08,0.0022562236892361,0.006792782087429264,0.0028534631245162,1.2324264920483636,0.22562236892360998,6.7686710677083,2.2562236892360996,0.6792782087429264,20.378346262287792,6.792782087429264,0.28534631245162,8.5603893735486,2.8534631245162,123.24264920483637,3697.279476145091,1232.4264920483636,Arbitrum One,L2
2025-09,0.0025764949843749,0.00745733234567682,0.0028909943585069,2.9981884913275434,0.25764949843749,7.7294849531247,2.5764949843749,0.745733234567682,22.37199703703046,7.457332345676821,0.28909943585069,8.6729830755207,2.8909943585069,299.81884913275434,8994.56547398263,2998.1884913275435,Arbitrum One,L2
2025-10,0.0024719486684027,0.01030302212705173,0.0029230828893623,11.385209974264813,0.24719486684026998,7.415846005208099,2.4719486684026997,1.030302212705173,30.909066381155192,10.30302212705173,0.29230828893623,8.7692486680869,2.9230828893622998,1138.5209974264812,34155.62992279444,11385.209974264812,Arbitrum One,L2
2025-11,0.0017849561979166,0.007431974425366134,0.00225369237774285,1.9632987774191244,0.17849561979166,5.3548685937498,1.7849561979165998,0.7431974425366134,22.2959232760984,7.431974425366134,0.225369237774285,6.76107713322855,2.2536923777428495,196.32987774191244,5889.896332257374,1963.2987774191242,Arbitrum One,L2
2025-12,0.0018274435607638,0.0048345384557730645,0.0019854959583333,0.4062498869352218,0.18274435607638,5.4823306822914,1.8274435607637998,0.4834538455773064,14.503615367319192,4.834538455773065,0.19854959583333,5.9564878749999,1.9854959583333003,40.62498869352218,1218.7496608056654,406.24988693522175,Arbitrum One,L2
2026-01,0.0019386618107638,0.004050644093194077,0.0038547513432616,0.3625497149089111,0.19386618107638,5.8159854322914,1.9386618107638,0.40506440931940774,12.151932279582232,4.0506440931940775,0.38547513432616004,11.5642540297848,3.8547513432616,36.25497149089111,1087.6491447267333,362.5497149089111,Arbitrum One,L2
2026-02,0.0023920683402777,0.0029219506016054824,0.0025904628571809,0.09304213292725,0.23920683402777,7.1762050208331,2.3920683402777,0.29219506016054825,8.765851804816448,2.921950601605482,0.25904628571809,7.7713885715427,2.5904628571808996,9.304213292725,279.12639878175,93.04213292725,Arbitrum One,L2
2026-03,0.0025370287222222,0.0027693710049713645,0.002694101384594,0.0512589836624531,0.25370287222222004,7.611086166666602,2.5370287222222,0.27693710049713643,8.308113014914094,2.7693710049713642,0.2694101384594,8.082304153782,2.694101384594,5.12589836624531,153.7769509873593,51.2589836624531,Arbitrum One,L2
2026-04,0.0026699101631944,0.00295736427900111,0.0029805427442765,0.0122455925806499,0.26699101631944,8.0097304895832,2.6699101631944,0.295736427900111,8.872092837003331,2.95736427900111,0.29805427442765,8.9416282328295,2.9805427442765,1.22455925806499,36.7367777419497,12.245592580649898,Arbitrum One,L2
2026-05,0.0025986142361111,0.002899915492617703,0.0029248277288773,0.025419363037268,0.25986142361111,7.795842708333299,2.5986142361110995,0.2899915492617703,8.69974647785311,2.899915492617703,0.29248277288773,8.7744831866319,2.9248277288773004,2.5419363037268004,76.25808911180401,25.419363037268,Arbitrum One,L2
2025-06,1.5657653161714476e-05,0.0067416269611900136,0.00052897509773215,3784.249547613927,0.0015657653161714475,0.04697295948514343,0.015657653161714476,0.6741626961190014,20.22488088357004,6.741626961190013,0.052897509773214994,1.58692529319645,0.5289750977321499,378424.9547613927,11352748.642841782,3784249.5476139267,Base,L2
2025-07,1.1537622186443617e-05,0.007102215756718587,0.001286729385217,3309.545820721468,0.0011537622186443617,0.03461286655933085,0.011537622186443617,0.7102215756718587,21.30664727015576,7.102215756718587,0.1286729385217,3.860188155651,1.2867293852169999,330954.58207214676,9928637.462164402,3309545.8207214675,Base,L2
2025-08,7.832644449733262e-08,0.00855740158787288,0.0012693001206335,10330.404335881636,7.832644449733262e-06,0.00023497933349199787,7.832644449733261e-05,0.8557401587872879,25.672204763618637,8.557401587872878,0.12693001206335,3.8079003619005,1.2693001206335,1033040.4335881636,30991213.007644907,10330404.335881636,Base,L2
2025-09,2.3793030976909545e-05,0.006059433950269517,0.0009754179449402,3144.1309892373024,0.0023793030976909544,0.07137909293072864,0.023793030976909543,0.6059433950269517,18.178301850808552,6.059433950269517,0.09754179449402,2.9262538348206,0.9754179449402,314413.09892373026,9432392.967711907,3144130.989237302,Base,L2
2025-10,7.290315234998988e-08,0.012051787881173455,0.0023073674233824,8905.302125963919,7.2903152349989884e-06,0.00021870945704996966,7.290315234998987e-05,1.2051787881173455,36.15536364352037,12.051787881173455,0.23073674233824001,6.9221022701472,2.3073674233824,890530.2125963919,26715906.377891757,8905302.125963919,Base,L2
2025-11,2.3027369262301523e-06,0.006423778806549053,0.00072109475460195,6089.883184337615,0.00023027369262301523,0.006908210778690456,0.002302736926230152,0.6423778806549053,19.27133641964716,6.423778806549052,0.072109475460195,2.16328426380585,0.7210947546019499,608988.3184337615,18269649.553012844,6089883.184337614,Base,L2
2025-12,2.8015903741598216e-07,0.0030822191869933546,0.0003255201891176,12074.379190085368,2.8015903741598215e-05,0.0008404771122479465,0.00028015903741598214,0.30822191869933546,9.246657560980063,3.0822191869933544,0.032552018911759996,0.9765605673527998,0.3255201891176,1207437.9190085367,36223137.5702561,12074379.190085368,Base,L2
2026-01,9.694063158166414e-05,0.00655654362071798,0.0009308135251326,1787.675645425542,0.009694063158166413,0.2908218947449924,0.09694063158166415,0.6556543620717981,19.66963086215394,6.556543620717979,0.09308135251326,2.7924405753977997,0.9308135251326001,178767.5645425542,5363026.936276626,1787675.6454255418,Base,L2
2026-02,0.0001626995897804,0.009234289742518624,0.0010805941871995,1914.8182494601008,0.01626995897804,0.4880987693412,0.1626995897804,0.9234289742518624,27.702869227555873,9.234289742518625,0.10805941871995,3.2417825615985003,1.0805941871995,191481.82494601008,5744454.748380302,1914818.2494601007,Base,L2
2026-03,0.0006342595636242,0.004940990432948613,0.0008617432620313,1029.6479762660497,0.06342595636242,1.9027786908726,0.6342595636242,0.49409904329486126,14.822971298845838,4.940990432948612,0.08617432620313,2.5852297860938998,0.8617432620312998,102964.79762660497,3088943.928798149,1029647.9762660495,Base,L2
2026-04,0.0006674916623521,0.005331712591833743,0.00093282183064155,1452.1674160686175,0.06674916623521,2.0024749870563,0.6674916623521,0.5331712591833743,15.995137775501227,5.3317125918337425,0.093282183064155,2.79846549192465,0.93282183064155,145216.74160686176,4356502.248205853,1452167.4160686175,Base,L2
2026-05,0.0006496783465575,0.006115597659917891,0.0009235263373423,3053.169188511978,0.06496783465575,1.9490350396725,0.6496783465575,0.6115597659917891,18.346792979753673,6.11559765991789,0.09235263373423,2.7705790120269,0.9235263373422999,305316.9188511978,9159507.565535935,3053169.188511978,Base,L2
2025-06,7.484600292820872e-08,0.00258031552433491,0.0001699258032825,4651.222866868991,7.4846002928208724e-06,0.00022453800878462617,7.484600292820871e-05,0.25803155243349096,7.740946573004729,2.5803155243349094,0.01699258032825,0.5097774098475,0.1699258032825,465122.28668689914,13953668.600606974,4651222.866868991,Optimism,L2
2025-07,1.0229455175998553e-07,0.003160961598559468,0.0001948943995259,255.00497828961505,1.0229455175998553e-05,0.0003068836552799566,0.00010229455175998553,0.3160961598559468,9.482884795678403,3.1609615985594677,0.01948943995259,0.5846831985777,0.1948943995259,25500.497828961506,765014.9348688452,255004.978289615,Optimism,L2
2025-08,8.573677817580478e-08,0.004670972802903504,0.0002766658890243,688.2523396213585,8.573677817580478e-06,0.00025721033452741435,8.573677817580478e-05,0.4670972802903504,14.012918408710512,4.670972802903504,0.02766658890243,0.8299976670729,0.2766658890243,68825.23396213586,2064757.0188640757,688252.3396213584,Optimism,L2
2025-09,1.0319999080251009e-07,0.00349227407284959,8.217088070854321e-05,404.74090369220175,1.0319999080251008e-05,0.00030959997240753023,0.00010319999080251009,0.349227407284959,10.47682221854877,3.4922740728495896,0.008217088070854322,0.24651264212562965,0.08217088070854321,40474.090369220175,1214222.7110766054,404740.90369220177,Optimism,L2
2025-10,9.827327112287253e-08,0.0033062495635295098,3.23113033167428e-05,818.107477303661,9.827327112287253e-06,0.0002948198133686176,9.827327112287252e-05,0.33062495635295097,9.91874869058853,3.30624956352951,0.0032311303316742796,0.0969339099502284,0.0323113033167428,81810.7477303661,2454322.431910983,818107.4773036609,Optimism,L2
2025-11,5.4512890197094665e-08,0.0013586347894694235,3.366205998651805e-05,396.6758253753927,5.451289019709466e-06,0.000163538670591284,5.4512890197094664e-05,0.13586347894694234,4.0759043684082705,1.3586347894694235,0.003366205998651805,0.10098617995955415,0.03366205998651805,39667.582537539274,1190027.4761261782,396675.8253753927,Optimism,L2
2025-12,6.330554471243087e-08,0.0008022717007323743,1.8867891285414102e-05,289.45219101550896,6.330554471243087e-06,0.0001899166341372926,6.330554471243087e-05,0.08022717007323743,2.4068151021971227,0.8022717007323743,0.0018867891285414102,0.056603673856242306,0.0188678912854141,28945.219101550894,868356.5730465269,289452.1910155089,Optimism,L2
2026-01,7.481470574311962e-08,0.0006574858059699742,1.6979148696829024e-05,133.98623511409374,7.481470574311962e-06,0.00022444411722935886,7.481470574311962e-05,0.06574858059699742,1.9724574179099228,0.6574858059699742,0.0016979148696829025,0.050937446090487074,0.016979148696829025,13398.623511409374,401958.7053422812,133986.23511409372,Optimism,L2
2026-02,6.183724565754935e-08,0.0006179518905875144,1.2770225419785341e-05,194.6075942175401,6.183724565754935e-06,0.00018551173697264805,6.183724565754934e-05,0.061795189058751435,1.853855671762543,0.6179518905875143,0.0012770225419785342,0.038310676259356025,0.01277022541978534,19460.75942175401,583822.7826526203,194607.5942175401,Optimism,L2
2026-03,4.7022324739116595e-08,0.0004398452460553936,8.443567245104777e-06,126.35674543619156,4.70223247391166e-06,0.0001410669742173498,4.702232473911659e-05,0.04398452460553936,1.3195357381661807,0.4398452460553936,0.0008443567245104776,0.02533070173531433,0.008443567245104778,12635.674543619156,379070.2363085747,126356.74543619154,Optimism,L2
2026-04,5.924152650849762e-08,0.0005635651477634266,1.3863720467227411e-05,66.0226416932181,5.924152650849762e-06,0.00017772457952549287,5.924152650849762e-05,0.05635651477634266,1.6906954432902799,0.5635651477634266,0.0013863720467227412,0.04159116140168224,0.01386372046722741,6602.26416932181,198067.92507965432,66022.6416932181,Optimism,L2
2026-05,5.129730737222608e-08,0.0004489764865214161,1.0799697591450569e-05,76.97077238750192,5.129730737222608e-06,0.00015389192211667823,5.129730737222608e-05,0.04489764865214161,1.3469294595642483,0.4489764865214161,0.0010799697591450568,0.032399092774351705,0.010799697591450568,7697.077238750192,230912.31716250576,76970.77238750191,Optimism,L2
2025-06,1.6901730790422732e-09,0.0009816708373195833,0.0004774470132186,1228.6281127481177,1.6901730790422732e-07,5.07051923712682e-06,1.6901730790422729e-06,0.09816708373195833,2.94501251195875,0.9816708373195833,0.047744701321860004,1.4323410396558,0.4774470132186,122862.81127481177,3685884.338244353,1228628.1127481177,Polygon PoS,L2
2025-07,0.0002938992782372,0.0008582710395999549,0.0004811552914426,139.3296047399822,0.02938992782372,0.8816978347116,0.2938992782372,0.08582710395999549,2.574813118799865,0.8582710395999548,0.048115529144260004,1.4434658743278002,0.48115529144259994,13932.960473998219,417988.81421994657,139329.6047399822,Polygon PoS,L2
2025-08,0.0003186775209468,0.0009664229112416452,0.0004961559478425,158.39383471327648,0.03186775209468,0.9560325628404,0.31867752094679996,0.09664229112416452,2.8992687337249357,0.9664229112416451,0.04961559478425,1.4884678435274998,0.49615594784249994,15839.383471327648,475181.5041398294,158393.83471327648,Polygon PoS,L2
2025-09,0.0003545950658246,0.0012353121274275365,0.000675689272696,209.066509736479,0.03545950658246,1.0637851974738,0.3545950658246,0.12353121274275365,3.7059363822826095,1.2353121274275365,0.06756892726960001,2.027067818088,0.6756892726960001,20906.6509736479,627199.529209437,209066.50973647897,Polygon PoS,L2
2025-10,0.0003012280858759,0.001656500451283629,0.0007573720304091,114.69566851202664,0.03012280858759,0.9036842576277,0.30122808587589994,0.1656500451283629,4.969501353850887,1.6565004512836288,0.07573720304091,2.2721160912273,0.7573720304091,11469.566851202664,344087.00553607993,114695.66851202665,Polygon PoS,L2
2025-11,0.0002173257793765,0.0022176979352539097,0.0011862581796396499,165.69123915557543,0.021732577937650002,0.6519773381295001,0.2173257793765,0.22176979352539097,6.6530938057617295,2.2176979352539092,0.11862581796396499,3.5587745389189496,1.1862581796396499,16569.123915557542,497073.71746672626,165691.23915557543,Polygon PoS,L2
2025-12,0.0001657481177512,0.0012391701898571514,0.0004386534430985,70.37351309055279,0.01657481177512,0.49724435325360006,0.1657481177512,0.12391701898571514,3.7175105695714543,1.2391701898571514,0.04386534430985,1.3159603292955,0.43865344309849996,7037.351309055279,211120.53927165837,70373.51309055279,Polygon PoS,L2
2026-01,0.0001645016365932,0.00586087423455639,0.0043370027026659,1372.2955316801863,0.01645016365932,0.49350490977960004,0.1645016365932,0.586087423455639,17.58262270366917,5.86087423455639,0.43370027026658997,13.0110081079977,4.3370027026659,137229.55316801864,4116886.5950405593,1372295.5316801863,Polygon PoS,L2
2026-02,0.0001950982973031,0.006118620474081561,0.004511781846998,125.7361462108043,0.01950982973031,0.5852948919093,0.1950982973031,0.6118620474081561,18.355861422244683,6.1186204740815615,0.4511781846998,13.535345540994,4.511781846998,12573.61462108043,377208.43863241293,125736.1462108043,Polygon PoS,L2
2026-03,0.0001620991508351,0.0023979723698735354,0.0013209465202114,1723.667623157207,0.01620991508351,0.4862974525053,0.1620991508351,0.23979723698735353,7.193917109620606,2.397972369873535,0.13209465202113999,3.9628395606341997,1.3209465202114,172366.7623157207,5171002.869471621,1723667.6231572067,Polygon PoS,L2
2026-04,0.0001434232394323,0.0018122467678541533,0.00134705418855875,93.21737682291663,0.01434232394323,0.4302697182969,0.14342323943229998,0.18122467678541532,5.436740303562459,1.8122467678541532,0.134705418855875,4.04116256567625,1.34705418855875,9321.737682291663,279652.1304687499,93217.37682291663,Polygon PoS,L2
2026-05,0.0005338566034881,0.0030375869130364356,0.0024836573041407,413.5360315379391,0.053385660348809996,1.6015698104643,0.5338566034880999,0.3037586913036436,9.112760739109307,3.0375869130364355,0.24836573041406998,7.4509719124221,2.4836573041406997,41353.60315379391,1240608.0946138173,413536.0315379391,Polygon PoS,L2
2025-06,0.0065922857180555,0.010322134670346542,0.0074111407477429996,6.99572184313889,0.6592285718055501,19.776857154166503,6.5922857180555,1.0322134670346543,30.96640401103963,10.322134670346541,0.7411140747742999,22.233422243228997,7.411140747742999,699.572184313889,20987.16552941667,6995.721843138889,zkSync Era,L2
2025-07,0.0072028160953124,0.012254134847574887,0.0094627488177083,2.38767384375,0.72028160953124,21.6084482859372,7.2028160953124,1.2254134847574887,36.76240454272466,12.254134847574887,0.9462748817708301,28.388246453124903,9.462748817708299,238.767384375,7163.02153125,2387.67384375,zkSync Era,L2
2025-08,0.0102094121937934,0.01760129475665267,0.0128422268891493,7.506568116666667,1.0209412193793401,30.628236581380204,10.209412193793401,1.760129475665267,52.80388426995801,17.60129475665267,1.28422268891493,38.5266806674479,12.8422268891493,750.6568116666667,22519.70435,7506.568116666666,zkSync Era,L2
2025-09,0.0116586398042968,0.017393832725944636,0.0127985197365327,16.39069212083333,1.16586398042968,34.9759194128904,11.658639804296799,1.7393832725944636,52.18149817783391,17.393832725944634,1.27985197365327,38.395559209598105,12.798519736532699,1639.0692120833328,49172.07636249998,16390.692120833326,zkSync Era,L2
2025-10,0.0111855677245225,0.032807443469940745,0.012053931663018,6.942099036640624,1.11855677245225,33.5567031735675,11.1855677245225,3.2807443469940747,98.42233040982224,32.80744346994074,1.2053931663018,36.161794989054,12.053931663018,694.2099036640624,20826.29710992187,6942.099036640623,zkSync Era,L2
2025-11,0.0080769267955729,0.01405706412472887,0.0093155826117404,4.359597350694444,0.8076926795572901,24.230780386718703,8.0769267955729,1.405706412472887,42.17119237418661,14.057064124728868,0.9315582611740401,27.946747835221203,9.3155826117404,435.95973506944443,13078.792052083332,4359.597350694444,zkSync Era,L2
2025-12,0.0082691821124565,0.0378882963902253,0.0091215973152777,2.4818699479166675,0.82691821124565,24.8075463373695,8.2691821124565,3.78882963902253,113.66488917067589,37.88829639022529,0.91215973152777,27.364791945833097,9.121597315277699,248.18699479166673,7445.609843750002,2481.8699479166676,zkSync Era,L2
2026-01,0.0075832565701388,0.026756731403296423,0.0091370328286846,1.475686347642361,0.75832565701388,22.7497697104164,7.5832565701388,2.6756731403296423,80.27019420988927,26.75673140329642,0.91370328286846,27.411098486053803,9.1370328286846,147.5686347642361,4427.059042927083,1475.686347642361,zkSync Era,L2
2026-02,0.0054120546198784,0.009872182321902354,0.005984436201334899,14.431417130720826,0.54120546198784,16.2361638596352,5.4120546198784,0.9872182321902354,29.616546965707062,9.872182321902354,0.59844362013349,17.953308604004697,5.9844362013348995,1443.1417130720827,43294.25139216248,14431.417130720825,zkSync Era,L2
2026-03,0.0057400274840277,0.00859366014537129,0.0060801539946563,1.7964085256852569,0.57400274840277,17.2200824520831,5.740027484027699,0.8593660145371289,25.780980436113868,8.593660145371288,0.60801539946563,18.2404619839689,6.0801539946563,179.6408525685257,5389.225577055771,1796.4085256852566,zkSync Era,L2
2026-04,0.0060406717442274,0.009930637439531192,0.00673493055363235,1.3151940164999998,0.60406717442274,18.1220152326822,6.0406717442274,0.9930637439531191,29.791912318593575,9.930637439531191,0.673493055363235,20.20479166089705,6.73493055363235,131.51940165,3945.5820495,1315.1940164999996,zkSync Era,L2
2026-05,0.0058793647092013,0.00978478494526309,0.006451243282769,3.9212908854166657,0.58793647092013,17.6380941276039,5.8793647092013,0.978478494526309,29.35435483578927,9.78478494526309,0.6451243282769,19.353729848307,6.451243282768999,392.1290885416666,11763.872656249998,3921.290885416666,zkSync Era,L2
2025-06,0.00063455,0.0084441778658682,0.00085215871474785,3002.4007506000003,0.063455,1.9036499999999998,0.63455,0.8444177865868201,25.332533597604602,8.4441778658682,0.085215871474785,2.55647614424355,0.8521587147478499,300240.07506,9007202.2518,3002400.7506000004,Solana,Solana
2025-07,0.00072605,0.010226425493563998,0.0010208986317379,2711.072,0.072605,2.17815,0.72605,1.0226425493563998,30.679276480691993,10.226425493563998,0.10208986317379,3.0626958952137,1.0208986317378999,271107.2,8133216.0,2711072.0,Solana,Solana
2025-08,0.00078175,0.012342208287543604,0.0011914750661348,4537.25090745,0.078175,2.34525,0.78175,1.2342208287543603,37.02662486263081,12.342208287543603,0.11914750661347999,3.5744251984043998,1.1914750661348,453725.09074500005,13611752.722350001,4537250.90745,Solana,Solana
2025-09,0.0009564,0.012758215321192784,0.00125346342535765,9277.03204000895,0.09564,2.8692,0.9563999999999999,1.2758215321192785,38.27464596357836,12.758215321192784,0.125346342535765,3.7603902760729495,1.25346342535765,927703.2040008949,27831096.12002685,9277032.04000895,Solana,Solana
2025-10,0.0008664,0.00903812120426358,0.0011442145383406,41909.40285176456,0.08664000000000001,2.5992,0.8664,0.903812120426358,27.11436361279074,9.038121204263579,0.11442145383406,3.4326436150218,1.1442145383406,4190940.2851764555,125728208.55529366,41909402.85176455,Solana,Solana
2025-11,0.0006098,0.006849339861552343,0.0007569157031902,7894.499999999999,0.06098,1.8294,0.6097999999999999,0.6849339861552343,20.548019584657027,6.849339861552342,0.07569157031902,2.2707471095706,0.7569157031902,789449.9999999999,23683499.999999996,7894499.999999998,Solana,Solana
2025-12,0.0005868,0.006521629412346412,0.0006980407840207,2961.07168926951,0.058679999999999996,1.7604,0.5867999999999999,0.6521629412346412,19.564888237039238,6.521629412346412,0.06980407840207,2.0941223520621,0.6980407840206999,296107.168926951,8883215.067808531,2961071.6892695096,Solana,Solana
2026-01,0.0004926,0.008643291435910565,0.0007610226230834,10252.079999999998,0.049260000000000005,1.4778000000000002,0.4926,0.8643291435910565,25.929874307731694,8.643291435910564,0.07610226230834,2.2830678692501998,0.7610226230833999,1025207.9999999998,30756239.999999993,10252079.999999998,Solana,Solana
2026-02,0.00034935,0.005503689916034993,0.00048598770921580003,18555.1604198,0.034935,1.04805,0.34935,0.5503689916034993,16.51106974810498,5.503689916034992,0.048598770921580006,1.4579631276474,0.48598770921580003,1855516.0419799997,55665481.259399995,18555160.4198,Solana,Solana
2026-03,0.00039745,0.004527593181919668,0.0004801096631295,10362.31250842425,0.039744999999999996,1.1923499999999998,0.39744999999999997,0.45275931819196674,13.582779545759003,4.527593181919667,0.04801096631295,1.4403289893885,0.48010966312949993,1036231.2508424249,31086937.52527275,10362312.508424249,Solana,Solana
2026-04,0.0003848,0.004437402797081973,0.00046533425831825,5178.0,0.03848,1.1544,0.3847999999999999,0.44374027970819735,13.312208391245921,4.437402797081973,0.046533425831825,1.3960027749547501,0.46533425831825004,517800.0,15534000.0,5178000.0,Solana,Solana
2026-05,0.00040045,0.003955027770161664,0.0004585916385223,57001.5604378,0.040045,1.20135,0.4004499999999999,0.39550277701616643,11.865083310484993,3.955027770161664,0.045859163852229996,1.3757749155669,0.4585916385222999,5700156.04378,171004681.3134,57001560.43779999,Solana,Solana
